step,ctx,loaded,evicted,load_ms,search_ms,active,current_mb,working_set_mb
0,12,1,0,504.8,0.51,3,224.8,32.1
1,16,1,0,480.8,0.47,4,261.8,34.9
2,16,0,0,0.0,0.61,4,261.8,34.9
3,4,1,0,539.4,0.42,5,298.2,37.2
4,4,0,0,0.0,0.58,5,298.2,37.2
5,2,1,1,587.2,1.01,5,298.7,37.7
6,2,0,0,0.0,0.75,5,298.7,37.7
7,2,0,0,0.0,0.85,5,298.7,37.7
8,2,0,0,0.0,0.85,5,298.7,37.7
9,2,0,0,0.0,0.63,5,298.7,37.7
10,2,0,0,0.0,0.6,5,298.7,37.7
11,2,0,0,0.0,1.42,5,298.7,37.7
12,2,0,0,0.0,0.81,5,298.7,37.7
13,15,1,0,767.1,0.76,6,335.2,40.1
14,14,1,1,648.3,1.03,6,335.9,40.8
15,12,1,1,614.8,0.65,6,335.7,40.5
16,12,0,0,0.0,0.99,6,335.7,40.5
17,12,0,0,0.0,0.59,6,335.7,40.5
18,12,0,0,0.0,0.62,6,335.7,40.5
19,12,0,0,0.0,0.59,6,335.7,40.5
20,12,0,0,0.0,0.96,6,335.7,40.5
21,12,0,0,0.0,0.78,6,335.7,40.5
22,12,0,0,0.0,0.77,6,335.7,40.5
23,16,1,1,645.5,0.78,6,336.6,41.5
24,16,0,0,0.0,1.02,6,336.6,41.5
25,16,0,0,0.0,0.6,6,336.6,41.5
26,16,0,0,0.0,0.82,6,336.6,41.5
27,16,0,0,0.0,0.96,6,336.6,41.5
28,16,0,0,0.0,0.79,6,336.6,41.5
29,16,0,0,0.0,0.73,6,336.4,41.3
30,16,0,0,0.0,1.02,6,336.4,41.3
31,16,0,0,0.0,0.6,6,336.4,41.3
32,16,0,0,0.0,0.69,6,336.4,41.3
33,12,0,0,0.0,0.62,6,336.4,41.3
34,12,0,0,0.0,0.66,6,336.4,41.3
35,12,0,0,0.0,0.65,6,336.4,41.3
36,3,1,1,676.7,0.88,6,336.6,41.5
37,10,1,1,785.2,0.95,6,336.0,40.9
38,10,0,0,0.0,0.8,6,336.0,40.9
39,9,1,1,731.4,0.67,6,336.8,41.6
40,9,0,0,0.0,0.55,6,336.8,41.6
41,9,0,0,0.0,0.86,6,336.8,41.6
42,1,0,0,0.0,1.01,6,336.8,41.6
43,1,0,0,0.0,1.0,6,336.8,41.6
44,1,0,0,0.0,1.21,6,336.8,41.6
45,1,0,0,0.0,1.14,6,336.8,41.6
46,1,0,0,0.0,1.28,6,336.8,41.6
47,1,0,0,0.0,1.17,6,336.8,41.6
48,1,0,0,0.0,1.14,6,336.8,41.6
49,8,1,1,757.5,0.86,6,337.2,42.1
50,7,1,1,732.6,0.91,6,337.1,42.0
51,7,0,0,0.0,0.86,6,337.1,42.0
52,7,0,0,0.0,0.84,6,337.1,42.0
53,7,0,0,0.0,1.1,6,337.1,42.0
54,7,0,0,0.0,0.79,6,337.1,42.0
55,7,0,0,0.0,0.72,6,337.1,42.0
56,7,0,0,0.0,0.61,6,337.1,42.0
57,7,0,0,0.0,0.51,6,337.1,42.0
58,7,0,0,0.0,0.55,6,337.1,42.0
59,7,0,0,0.0,0.54,6,337.1,42.0
60,19,1,1,512.6,0.74,6,337.1,42.0
61,19,0,0,0.0,1.0,6,337.1,42.0
62,19,0,0,0.0,0.84,6,337.1,42.0
63,4,1,1,446.3,1.22,6,337.3,42.2
64,4,0,0,0.0,1.31,6,337.3,42.2
65,4,0,0,0.0,1.26,6,337.3,42.2
66,9,1,1,502.2,1.25,6,337.3,42.2
67,18,1,1,617.1,0.51,6,337.3,42.1
68,18,0,0,0.0,0.51,6,337.3,42.1
69,18,0,0,0.0,0.51,6,337.3,42.1
70,18,0,0,0.0,0.72,6,337.3,42.1
71,4,0,0,0.0,0.6,6,337.3,42.1
72,4,0,0,0.0,0.72,6,337.3,42.1
73,11,1,1,458.9,0.48,6,337.2,42.1
74,11,0,0,0.0,0.71,6,337.2,42.1
75,11,0,0,0.0,1.0,6,337.2,42.1
76,11,0,0,0.0,1.07,6,337.2,42.1
77,11,0,0,0.0,1.11,6,337.2,42.1
78,11,0,0,0.0,1.03,6,337.2,42.1
79,11,0,0,0.0,1.1,6,337.2,42.1
80,11,0,0,0.0,1.18,6,337.2,42.1
81,11,0,0,0.0,1.05,6,337.2,42.1
82,11,0,0,0.0,1.53,6,337.2,42.1
83,9,0,0,0.0,1.31,6,337.2,42.1
84,9,0,0,0.0,1.28,6,337.2,42.1
85,9,0,0,0.0,1.36,6,337.2,42.1
86,9,0,0,0.0,1.37,6,337.2,42.1
87,9,0,0,0.0,0.96,6,337.2,42.1
88,2,1,1,577.7,0.99,6,337.9,42.8
89,2,0,0,0.0,0.77,6,337.9,42.8
90,2,0,0,0.0,1.05,6,337.9,42.8
91,13,1,1,686.6,0.56,6,337.4,42.3
92,13,0,0,0.0,0.54,6,337.4,42.3
93,13,0,0,0.0,0.48,6,337.4,42.3
94,13,0,0,0.0,0.5,6,337.4,42.3
95,13,0,0,0.0,0.53,6,337.4,42.3
96,13,0,0,0.0,0.53,6,337.4,42.3
97,15,1,1,579.2,0.9,6,337.3,42.2
98,15,0,0,0.0,0.58,6,337.3,42.2
99,18,1,1,388.5,0.55,6,337.0,41.9
100,18,0,0,0.0,0.61,6,337.0,41.9
101,14,1,1,646.1,0.74,6,337.2,42.1
102,14,0,0,0.0,0.7,6,337.2,42.1
103,14,0,0,0.0,0.68,6,337.2,42.1
104,16,1,1,508.0,0.95,6,337.4,42.3
105,16,0,0,0.0,0.64,6,337.4,42.3
106,16,0,0,0.0,0.53,6,337.4,42.3
107,19,1,1,492.6,0.45,6,337.9,42.8
108,10,1,1,480.6,0.89,6,337.1,42.0
109,10,0,0,0.0,0.8,6,337.1,42.0
110,10,0,0,0.0,0.61,6,337.1,42.0
111,10,0,0,0.0,0.73,6,337.1,42.0
112,10,0,0,0.0,0.75,6,337.1,42.0
113,10,0,0,0.0,0.72,6,337.1,42.0
114,17,1,1,497.3,0.55,6,337.4,42.3
115,17,0,0,0.0,0.61,6,337.4,42.3
116,17,0,0,0.0,0.42,6,337.4,42.3
117,11,1,1,317.1,0.54,6,337.6,42.5
118,11,0,0,0.0,0.67,6,337.6,42.5
119,3,1,1,510.3,0.71,6,337.6,42.5
120,3,0,0,0.0,0.56,6,337.6,42.5
121,10,0,0,0.0,0.66,6,337.6,42.5
122,11,0,0,0.0,0.79,6,337.6,42.5
123,11,0,0,0.0,1.18,6,337.6,42.5
124,11,0,0,0.0,1.27,6,337.6,42.5
125,11,0,0,0.0,1.71,6,337.6,42.5
126,1,0,0,0.0,1.3,6,337.6,42.5
127,1,0,0,0.0,1.4,6,337.6,42.5
128,1,0,0,0.0,1.56,6,337.6,42.5
129,1,0,0,0.0,1.36,6,337.6,42.5
130,1,0,0,0.0,1.48,6,337.6,42.5
131,13,1,1,587.4,0.77,6,337.6,42.5
132,13,0,0,0.0,0.87,6,337.6,42.5
133,13,0,0,0.0,0.74,6,337.6,42.5
134,5,1,1,570.0,0.99,6,338.0,42.9
135,5,0,0,0.0,0.91,6,338.0,42.9
136,5,0,0,0.0,0.85,6,338.0,42.9
137,5,0,0,0.0,0.75,6,338.0,42.9
138,5,0,0,0.0,0.67,6,338.0,42.9
139,6,1,1,441.6,0.83,6,337.9,42.8
140,11,0,0,0.0,0.7,6,337.9,42.8
141,11,0,0,0.0,0.58,6,337.9,42.8
142,11,0,0,0.0,0.73,6,337.9,42.8
143,11,0,0,0.0,0.82,6,337.9,42.8
144,11,0,0,0.0,0.5,6,337.9,42.8
145,11,0,0,0.0,0.47,6,337.9,42.8
146,2,1,1,589.1,0.68,6,338.1,43.0
147,2,0,0,0.0,0.67,6,338.1,43.0
148,2,0,0,0.0,0.72,6,338.1,43.0
149,2,0,0,0.0,0.83,6,338.1,43.0
150,2,0,0,0.0,1.07,6,338.1,43.0
151,2,0,0,0.0,1.09,6,338.1,43.0
152,2,0,0,0.0,1.1,6,338.1,43.0
153,13,1,1,574.3,0.87,6,337.8,42.7
154,16,1,1,541.0,1.07,6,337.7,42.6
155,16,0,0,0.0,1.42,6,337.7,42.6
156,13,0,0,0.0,1.03,6,338.0,42.9
157,16,0,0,0.0,1.22,6,338.0,42.9
158,16,0,0,0.0,1.09,6,338.0,42.9
159,5,1,1,461.6,1.23,6,338.2,43.1
160,5,0,0,0.0,0.99,6,338.2,43.1
161,5,0,0,0.0,0.97,6,338.2,43.1
162,5,0,0,0.0,0.66,6,338.2,43.1
163,5,0,0,0.0,0.86,6,338.2,43.1
164,5,0,0,0.0,1.04,6,338.2,43.1
165,5,0,0,0.0,1.05,6,338.2,43.1
166,5,0,0,0.0,1.04,6,338.2,43.1
167,5,0,0,0.0,1.14,6,338.2,43.1
168,5,0,0,0.0,0.83,6,338.2,43.1
169,5,0,0,0.0,1.12,6,338.2,43.1
170,5,0,0,0.0,0.81,6,338.2,43.1
171,5,0,0,0.0,1.11,6,338.2,43.1
172,0,0,0,0.0,0.98,6,338.2,43.1
173,0,0,0,0.0,0.94,6,338.2,43.1
174,8,1,1,484.2,0.74,6,337.6,42.5
175,8,0,0,0.0,0.76,6,337.6,42.5
176,8,0,0,0.0,0.49,6,337.6,42.5
177,8,0,0,0.0,0.46,6,337.6,42.5
178,8,0,0,0.0,0.5,6,337.6,42.5
179,13,0,0,0.0,0.48,6,337.6,42.5
180,18,1,1,370.5,1.07,6,338.1,43.0
181,18,0,0,0.0,1.03,6,338.1,43.0
182,18,0,0,0.0,1.24,6,338.1,43.0
183,18,0,0,0.0,1.13,6,338.1,43.0
184,18,0,0,0.0,1.31,6,338.1,43.0
185,18,0,0,0.0,1.08,6,338.1,43.0
186,17,1,1,509.9,0.99,6,337.7,42.6
187,17,0,0,0.0,1.23,6,337.7,42.6
188,8,0,0,0.0,1.0,6,337.7,42.6
189,8,0,0,0.0,1.17,6,337.7,42.6
190,15,1,1,457.5,0.57,6,337.9,42.8
191,9,1,1,509.6,0.88,6,337.7,42.6
192,9,0,0,0.0,0.71,6,337.7,42.6
193,9,0,0,0.0,0.59,6,337.7,42.6
194,9,0,0,0.0,0.5,6,337.7,42.6
195,9,0,0,0.0,0.43,6,337.7,42.6
196,9,0,0,0.0,0.58,6,337.7,42.6
197,9,0,0,0.0,0.62,6,337.7,42.6
198,3,1,1,400.0,0.49,6,338.1,43.0
199,7,1,1,424.1,0.62,6,337.8,42.7
200,6,1,1,430.4,0.41,6,338.1,42.9
201,9,0,0,0.0,0.47,6,338.1,42.9
202,9,0,0,0.0,0.6,6,338.1,42.9
203,9,0,0,0.0,0.47,6,338.1,42.9
204,9,0,0,0.0,0.45,6,338.1,42.9
205,9,0,0,0.0,0.44,6,338.1,42.9
206,9,0,0,0.0,0.46,6,338.1,42.9
207,17,1,1,372.8,0.64,6,337.7,42.6
208,17,0,0,0.0,0.77,6,337.7,42.6
209,17,0,0,0.0,0.78,6,337.7,42.6
210,17,0,0,0.0,0.48,6,337.7,42.6
211,17,0,0,0.0,0.45,6,337.7,42.6
212,17,0,0,0.0,0.45,6,337.7,42.6
213,17,0,0,0.0,0.54,6,337.7,42.6
214,17,0,0,0.0,0.6,6,337.7,42.6
215,17,0,0,0.0,0.44,6,337.7,42.6
216,10,1,1,486.1,0.61,6,337.9,42.8
217,10,0,0,0.0,0.63,6,337.9,42.8
218,10,0,0,0.0,0.54,6,337.9,42.8
219,10,0,0,0.0,0.42,6,337.9,42.8
220,10,0,0,0.0,0.43,6,337.9,42.8
221,10,0,0,0.0,0.46,6,337.9,42.8
222,10,0,0,0.0,0.43,6,337.9,42.8
223,10,0,0,0.0,0.52,6,337.9,42.8
224,7,1,1,447.5,0.54,6,337.6,42.5
225,7,0,0,0.0,0.42,6,337.6,42.5
226,7,0,0,0.0,0.45,6,337.6,42.5
227,7,0,0,0.0,0.53,6,337.6,42.5
228,18,1,1,352.3,0.46,6,337.6,42.5
229,18,0,0,0.0,0.45,6,337.6,42.5
230,18,0,0,0.0,0.77,6,337.6,42.5
231,18,0,0,0.0,0.47,6,337.6,42.5
232,2,1,1,453.9,0.51,6,338.1,43.0
233,2,0,0,0.0,0.62,6,338.1,43.0
234,2,0,0,0.0,0.48,6,338.1,43.0
235,9,1,1,582.1,1.17,6,337.7,42.6
236,9,0,0,0.0,1.13,6,337.7,42.6
237,9,0,0,0.0,1.11,6,337.7,42.6
238,12,1,1,565.8,0.73,6,337.9,42.8
239,12,0,0,0.0,0.81,6,337.9,42.8
240,9,0,0,0.0,0.61,6,337.9,42.8
241,1,0,0,0.0,0.58,6,337.9,42.8
242,10,1,1,585.8,0.99,6,337.9,42.8
243,10,0,0,0.0,0.6,6,337.9,42.8
244,10,0,0,0.0,0.55,6,337.9,42.8
245,10,0,0,0.0,0.6,6,337.9,42.8
246,10,0,0,0.0,0.66,6,337.9,42.8
247,16,1,1,532.7,1.08,6,338.1,43.0
248,16,0,0,0.0,1.0,6,338.1,43.0
249,16,0,0,0.0,0.77,6,338.1,43.0
250,16,0,0,0.0,0.92,6,338.1,43.0
251,12,0,0,0.0,0.7,6,338.1,43.0
252,12,0,0,0.0,0.61,6,338.1,43.0
253,12,0,0,0.0,0.55,6,338.1,43.0
254,17,1,1,558.6,0.85,6,338.0,42.9
255,17,0,0,0.0,0.52,6,338.0,42.9
256,8,1,1,507.7,0.95,6,338.0,42.9
257,19,1,1,432.3,0.71,6,338.2,43.1
258,1,0,0,0.0,0.61,6,338.2,43.1
259,1,0,0,0.0,0.49,6,338.2,43.1
260,1,0,0,0.0,0.46,6,338.2,43.1
261,1,0,0,0.0,0.42,6,338.2,43.1
262,15,1,1,520.7,0.5,6,338.1,43.0
263,6,1,1,460.4,0.6,6,338.1,43.0
264,6,0,0,0.0,0.57,6,338.1,43.0
265,6,0,0,0.0,0.42,6,338.1,43.0
266,6,0,0,0.0,0.43,6,338.1,43.0
267,6,0,0,0.0,0.53,6,338.1,43.0
268,14,1,1,394.2,0.43,6,338.0,42.9
269,14,0,0,0.0,0.53,6,338.0,42.9
270,14,0,0,0.0,0.44,6,338.0,42.9
271,14,0,0,0.0,0.44,6,338.0,42.9
272,15,0,0,0.0,0.48,6,338.0,42.9
273,7,1,1,552.7,0.98,6,338.5,43.4
274,7,0,0,0.0,0.74,6,338.5,43.4
275,7,0,0,0.0,0.79,6,338.5,43.4
276,7,0,0,0.0,0.71,6,338.5,43.4
277,2,1,1,602.7,1.0,6,338.4,43.2
278,2,0,0,0.0,1.07,6,338.4,43.2
279,7,0,0,0.0,1.11,6,338.4,43.2
280,7,0,0,0.0,0.95,6,338.4,43.2
281,7,0,0,0.0,1.0,6,338.4,43.2
282,18,1,1,492.1,0.49,6,338.1,43.0
283,18,0,0,0.0,0.46,6,338.1,43.0
284,18,0,0,0.0,0.47,6,338.1,43.0
285,18,0,0,0.0,0.45,6,338.1,43.0
286,18,0,0,0.0,0.59,6,338.1,43.0
287,17,1,1,491.1,0.73,6,337.8,42.7
288,3,1,1,636.0,1.0,6,338.2,43.1
289,3,0,0,0.0,1.19,6,338.2,43.1
290,2,1,1,512.0,0.64,6,338.2,43.1
291,2,0,0,0.0,0.55,6,338.2,43.1
292,2,0,0,0.0,0.62,6,338.2,43.1
293,2,0,0,0.0,0.56,6,338.2,43.1
294,2,0,0,0.0,0.69,6,338.2,43.1
295,1,0,0,0.0,0.65,6,338.2,43.1
296,1,0,0,0.0,0.58,6,338.2,43.1
297,1,0,0,0.0,0.6,6,338.2,43.1
298,5,1,1,503.9,0.47,6,337.9,42.8
299,17,0,0,0.0,0.8,6,337.9,42.8
